trial,seed,n_import_stacks,n_export_stacks,n_new_containers,n_initial_containers,total_containers,hours_simulated,bucket_reshuffles,baseline_reshuffles,reshuffle_reduction,reshuffle_reduction_pct,bucket_total_cost,baseline_total_cost,total_cost_reduction,total_cost_reduction_pct,bucket_overflow_containers,baseline_overflow_containers,bucket_overflow_yards,baseline_overflow_yards,runtime_sec
0,4200000,4,13,587,140,727,338,255,214,-41,-19.1588785046729,6305,7184,879,12.235523385300668,225,217,38,48,2.815
1,4200001,8,4,433,316,749,340,257,247,-10,-4.048582995951417,4857,5407,550,10.171999260218236,200,196,26,32,0.358
2,4200002,9,15,604,164,768,339,228,254,26,10.236220472440944,3418,4104,686,16.71539961013645,149,165,17,22,0.705
3,4200003,12,9,318,146,464,333,152,154,2,1.2987012987012987,1722,2034,312,15.339233038348082,77,78,8,11,0.311
4,4200004,9,7,365,126,491,342,186,178,-8,-4.49438202247191,2436,2648,212,8.006042296072508,115,97,11,15,0.235
5,4200005,15,8,555,257,812,338,239,238,-1,-0.42016806722689076,3149,3568,419,11.743273542600896,151,153,14,18,0.368
6,4200006,8,5,254,192,446,324,135,170,35,20.58823529411765,2295,2810,515,18.327402135231317,86,104,13,16,0.215
7,4200007,10,14,602,212,814,339,251,253,2,0.7905138339920948,3311,4153,842,20.274500361184685,146,160,16,23,0.384
8,4200008,5,12,631,119,750,338,278,208,-70,-33.65384615384615,5298,6428,1130,17.57934038581207,222,182,28,44,0.51
9,4200009,7,8,664,183,847,345,280,263,-17,-6.4638783269961975,4690,5453,763,13.99229781771502,191,199,25,32,0.393
10,4200010,12,5,328,254,582,338,207,160,-47,-29.375,3227,3230,3,0.09287925696594428,142,107,16,20,0.256
11,4200011,9,10,360,117,477,327,146,124,-22,-17.741935483870968,1966,2314,348,15.038893690579084,82,69,10,15,0.218
12,4200012,14,12,378,205,583,335,200,232,32,13.793103448275861,2030,2322,292,12.575366063738157,103,109,8,10,0.252
13,4200013,15,14,404,181,585,338,202,171,-31,-18.128654970760234,1852,2011,159,7.906514172053704,95,64,7,12,0.297
14,4200014,13,5,437,194,631,339,190,163,-27,-16.56441717791411,3100,3243,143,4.409497378970089,121,98,17,21,0.282
15,4200015,4,7,385,128,513,345,172,154,-18,-11.688311688311689,4232,4534,302,6.660785178650198,136,138,27,30,0.233
16,4200016,15,8,365,115,480,338,133,152,19,12.5,1663,1852,189,10.205183585313176,63,60,9,11,0.229
17,4200017,13,4,445,111,556,328,188,154,-34,-22.07792207792208,3028,3224,196,6.079404466501241,94,87,19,22,0.264
18,4200018,8,13,523,298,821,335,271,187,-84,-44.919786096256686,4151,4697,546,11.624441132637854,188,151,20,30,0.391
19,4200019,8,6,439,302,741,333,264,269,5,1.858736059479554,3824,4699,875,18.620983187912323,186,193,17,25,0.289
20,4200020,13,5,631,172,803,338,253,229,-24,-10.480349344978166,4053,4099,46,1.1222249329104659,180,147,20,24,0.378
21,4200021,3,13,558,175,733,346,242,220,-22,-10.0,7112,8410,1298,15.434007134363853,217,219,47,60,0.406
22,4200022,6,13,489,189,678,337,264,222,-42,-18.91891891891892,4054,4492,438,9.7506678539626,179,157,20,27,0.319
23,4200023,8,3,275,195,470,342,162,142,-20,-14.084507042253522,3252,3422,170,4.967855055523086,109,88,20,24,0.269
24,4200024,8,11,523,204,727,336,217,205,-12,-5.853658536585366,3667,4325,658,15.213872832369942,155,152,19,26,0.331
25,4200025,9,4,580,203,783,343,230,258,28,10.852713178294573,4840,5388,548,10.170749814402376,191,203,27,31,0.346
26,4200026,10,10,285,160,445,340,141,144,3,2.0833333333333335,1761,2154,393,18.245125348189415,72,71,9,13,0.193
27,4200027,10,10,283,132,415,337,156,154,-2,-1.2987012987012987,1666,1754,88,5.017103762827822,71,60,8,10,0.181
28,4200028,15,5,434,104,538,338,166,170,4,2.3529411764705883,2536,2430,-106,-4.362139917695473,107,86,13,14,0.241
29,4200029,8,3,293,224,517,311,156,142,-14,-9.859154929577464,3966,4082,116,2.8417442430181286,131,114,25,28,0.245
30,4200030,14,6,643,216,859,345,261,262,1,0.3816793893129771,3801,4192,391,9.327290076335878,174,163,18,23,0.398
31,4200031,6,4,533,146,679,345,234,247,13,5.2631578947368425,4414,5577,1163,20.853505468890084,188,203,23,33,0.301
32,4200032,15,11,480,125,605,331,190,221,31,14.027149321266968,1850,2451,601,24.520603835169318,86,113,8,11,0.263
33,4200033,8,7,269,214,483,338,150,150,0,0.0,2350,2850,500,17.54385964912281,100,90,12,18,0.2
34,4200034,4,4,541,245,786,338,285,252,-33,-13.095238095238095,6585,7682,1097,14.28013538141109,260,233,37,51,0.361
35,4200035,12,12,336,144,480,340,176,181,5,2.7624309392265194,1636,2191,555,25.330899132816064,76,101,7,10,0.206
36,4200036,15,4,444,205,649,338,223,150,-73,-48.666666666666664,4043,3950,-93,-2.3544303797468356,162,100,22,28,0.311
37,4200037,12,5,378,212,590,342,201,182,-19,-10.43956043956044,3071,3202,131,4.0911930043722675,137,112,15,19,0.26
38,4200038,11,11,406,298,704,339,206,218,12,5.504587155963303,2506,3148,642,20.393900889453622,110,113,12,18,0.295
39,4200039,7,7,385,74,459,339,147,140,-7,-5.0,2547,2940,393,13.36734693877551,110,110,13,17,0.222
40,4200040,7,14,408,240,648,345,206,219,13,5.936073059360731,3246,4049,803,19.832057298098295,124,143,18,24,0.301
41,4200041,12,12,694,191,885,346,280,282,2,0.7092198581560284,3230,3992,762,19.08817635270541,155,171,14,20,0.397
42,4200042,6,12,502,293,795,345,238,242,4,1.6528925619834711,4828,5842,1014,17.357069496747688,189,190,27,37,0.368
43,4200043,8,4,368,80,448,343,165,160,-5,-3.125,2615,3050,435,14.262295081967213,115,109,13,18,0.197
44,4200044,4,8,483,269,752,335,269,239,-30,-12.552301255230125,6139,7009,870,12.412612355542873,237,227,35,45,0.347
45,4200045,5,13,416,274,690,337,192,182,-10,-5.4945054945054945,4312,5272,960,18.20940819423369,142,149,27,36,0.32
46,4200046,9,14,313,96,409,328,150,118,-32,-27.11864406779661,2060,2218,158,7.123534715960325,91,70,10,14,0.193
47,4200047,12,11,455,161,616,337,220,213,-7,-3.2863849765258215,2600,2713,113,4.165130851455952,128,100,11,15,0.261
48,4200048,4,10,257,190,447,341,182,147,-35,-23.80952380952381,3922,4117,195,4.736458586349284,134,97,24,30,0.216
49,4200049,11,12,342,266,608,338,231,208,-23,-11.057692307692308,2641,2888,247,8.552631578947368,131,118,11,15,0.25
50,4200050,5,9,293,201,494,323,157,154,-3,-1.948051948051948,3377,3764,387,10.281615302869287,122,121,20,24,0.232
51,4200051,7,11,328,123,451,344,171,129,-42,-32.55813953488372,2591,2969,378,12.731559447625463,112,84,13,20,0.21
52,4200052,13,5,398,152,550,331,183,230,47,20.434782608695652,2473,2860,387,13.531468531468532,99,113,13,15,0.253
53,4200053,15,8,417,156,573,338,208,198,-10,-5.05050505050505,2178,2378,200,8.410428931875526,107,98,9,12,0.244
54,4200054,6,3,330,145,475,344,167,159,-8,-5.031446540880503,3687,4109,422,10.270138719883183,142,125,21,27,0.223
55,4200055,15,9,455,337,792,346,249,302,53,17.549668874172184,2919,3312,393,11.865942028985508,137,151,13,15,0.327
56,4200056,6,9,612,124,736,333,251,228,-23,-10.087719298245615,4671,5438,767,14.104450165502023,192,171,25,35,0.376
57,4200057,9,5,475,211,686,338,238,233,-5,-2.1459227467811157,3738,4283,545,12.724725659584404,170,165,18,24,0.308
58,4200058,13,6,619,258,877,335,270,312,42,13.461538461538462,4000,4532,532,11.738746690203001,173,192,20,23,0.408
59,4200059,7,14,344,275,619,329,200,183,-17,-9.289617486338798,3080,3583,503,14.038515210717277,118,120,17,22,0.281
60,4200060,7,13,239,165,404,327,139,128,-11,-8.59375,2179,2318,139,5.996548748921484,84,79,12,14,0.188
61,4200061,14,6,394,283,677,338,236,184,-52,-28.26086956521739,3126,3334,208,6.23875224955009,129,105,16,21,0.313
62,4200062,11,11,343,116,459,339,159,138,-21,-15.217391304347826,1649,1938,289,14.912280701754385,69,60,8,12,0.202
63,4200063,6,12,596,168,764,328,266,219,-47,-21.461187214611872,4666,5359,693,12.931517074080984,200,164,24,35,0.377
64,4200064,7,4,438,269,707,333,234,303,69,22.77227722772277,4524,5543,1019,18.383546815803715,189,244,24,28,0.285
65,4200065,14,6,299,119,418,342,144,96,-48,-50.0,1824,1876,52,2.771855010660981,68,48,10,13,0.202
66,4200066,10,7,440,115,555,333,178,172,-6,-3.488372093023256,2208,2782,574,20.632638389647735,93,101,11,16,0.278
67,4200067,13,15,466,92,558,342,166,204,38,18.627450980392158,1706,2174,468,21.527138914443423,64,77,9,12,0.253
68,4200068,11,6,446,265,711,337,247,227,-20,-8.810572687224669,3357,3757,400,10.646792653713069,161,143,15,21,0.316
69,4200069,9,15,520,348,868,336,257,222,-35,-15.765765765765765,3877,4512,635,14.073581560283689,172,149,19,28,0.425
70,4200070,9,3,465,84,549,337,186,162,-24,-14.814814814814815,4116,4032,-84,-2.0833333333333335,153,117,24,27,0.258
71,4200071,8,4,655,191,846,337,261,303,42,13.861386138613861,4921,5933,1012,17.057138041463002,206,243,26,32,0.414
72,4200072,13,14,361,150,511,316,188,163,-25,-15.337423312883436,1758,1903,145,7.619548081975828,87,64,7,11,0.231
73,4200073,14,9,436,122,558,344,204,217,13,5.990783410138249,2034,2367,333,14.068441064638783,103,95,8,12,0.261
74,4200074,7,11,350,255,605,325,195,189,-6,-3.1746031746031744,3195,3349,154,4.598387578381606,120,106,18,21,0.351
75,4200075,7,12,487,287,774,337,235,219,-16,-7.30593607305936,3985,4799,814,16.961867055636592,155,168,22,29,0.375
76,4200076,3,15,513,361,874,339,288,277,-11,-3.9711191335740073,8518,9787,1269,12.966179626034535,273,271,55,68,0.625
77,4200077,6,3,486,330,816,342,234,277,43,15.52346570397112,6194,7147,953,13.334266125647124,216,257,38,43,0.363
78,4200078,12,5,474,109,583,334,215,206,-9,-4.368932038834951,2725,3086,361,11.69799092676604,121,118,13,17,0.264
79,4200079,10,3,320,178,498,327,189,116,-73,-62.93103448275862,3689,3526,-163,-4.622802041973908,140,91,21,25,0.265
80,4200080,15,13,392,168,560,345,213,206,-7,-3.3980582524271843,1643,1956,313,16.00204498977505,73,65,7,11,0.249
81,4200081,15,8,262,210,472,333,150,150,0,0.0,1630,1960,330,16.836734693877553,68,81,8,10,0.208
82,4200082,5,5,406,133,539,324,191,193,2,1.0362694300518134,3791,4783,992,20.740121262805772,140,159,22,30,0.265
83,4200083,4,15,324,137,461,344,183,157,-26,-16.56050955414013,3813,4487,674,15.021172275462447,133,123,23,31,0.256
84,4200084,15,12,478,305,783,337,254,291,37,12.714776632302405,2464,3121,657,21.050945209868633,121,143,10,14,0.332
85,4200085,10,14,613,189,802,345,246,206,-40,-19.41747572815534,3236,4006,770,19.221168247628558,129,140,17,24,0.382
86,4200086,4,12,477,336,813,340,296,264,-32,-12.121212121212121,6346,7264,918,12.637665198237885,245,240,36,46,0.496
87,4200087,4,10,578,286,864,336,310,315,5,1.5873015873015872,7180,8445,1265,14.97927767910006,267,293,42,52,0.487
88,4200088,15,6,349,117,466,339,174,156,-18,-11.538461538461538,2074,2146,72,3.3550792171481825,100,79,9,12,0.231
89,4200089,9,7,558,320,878,341,254,302,48,15.894039735099337,4204,5352,1148,21.449925261584454,195,225,20,28,0.39
90,4200090,15,15,466,184,650,342,233,250,17,6.8,2013,2340,327,13.974358974358974,98,99,8,11,0.284
91,4200091,3,4,417,300,717,343,216,252,36,14.285714285714286,6546,8232,1686,20.481049562682216,203,248,43,55,0.343
92,4200092,12,4,651,124,775,339,259,214,-45,-21.02803738317757,4369,4624,255,5.514705882352941,191,151,22,29,0.372
93,4200093,8,5,579,119,698,337,268,245,-23,-9.387755102040817,4068,4625,557,12.043243243243243,200,188,18,25,0.298
94,4200094,12,13,484,132,616,342,198,194,-4,-2.0618556701030926,2368,2524,156,6.180665610142631,117,93,10,14,0.287
95,4200095,9,14,238,170,408,346,149,129,-20,-15.503875968992247,1679,1939,260,13.408973697782361,63,61,9,12,0.194
96,4200096,6,13,325,200,525,339,211,181,-30,-16.574585635359117,3261,3561,300,8.424599831508003,135,118,17,22,0.243
97,4200097,13,7,487,178,665,339,216,241,25,10.37344398340249,2676,3291,615,18.6873290793072,126,145,12,16,0.307
98,4200098,15,14,524,253,777,326,240,256,16,6.25,2560,3076,516,16.775032509752926,122,132,11,15,0.336
99,4200099,10,4,398,189,587,339,201,162,-39,-24.074074074074073,3831,3762,-69,-1.8341307814992025,143,110,22,25,0.262
100,4200100,4,11,605,277,882,345,279,293,14,4.778156996587031,7199,8223,1024,12.452876079289798,262,273,43,52,0.463
101,4200101,14,9,325,199,524,340,178,184,6,3.260869565217391,1888,2364,476,20.135363790186126,91,98,8,12,0.219
102,4200102,15,12,477,344,821,342,318,312,-6,-1.9230769230769231,3028,3342,314,9.395571514063436,171,153,10,15,0.375
103,4200103,13,14,315,118,433,340,130,148,18,12.162162162162161,1320,1578,258,16.34980988593156,59,53,6,9,0.194
104,4200104,7,4,319,177,496,325,155,169,14,8.284023668639053,3255,3579,324,9.052808046940486,130,131,18,21,0.209
105,4200105,13,15,390,82,472,344,167,154,-13,-8.441558441558442,1607,1834,227,12.3773173391494,64,58,8,11,0.217
106,4200106,10,5,285,193,478,342,173,150,-23,-15.333333333333334,2383,2700,317,11.74074074074074,101,85,12,17,0.203
107,4200107,6,8,254,203,457,324,165,145,-20,-13.793103448275861,2705,2815,110,3.907637655417407,114,87,14,18,0.2
108,4200108,12,3,281,216,497,335,171,112,-59,-52.67857142857143,3451,3242,-209,-6.446637877853177,118,73,21,24,0.273
109,4200109,5,8,525,171,696,342,231,196,-35,-17.857142857142858,4831,5876,1045,17.78420694349898,180,168,28,40,0.336
110,4200110,13,8,571,243,814,330,262,265,3,1.1320754716981132,3042,3645,603,16.54320987654321,138,148,14,19,0.359
111,4200111,7,12,675,163,838,344,235,223,-12,-5.381165919282512,4195,5483,1288,23.490789713660405,166,176,23,35,0.421
112,4200112,9,3,402,245,647,343,219,172,-47,-27.325581395348838,4419,4872,453,9.298029556650246,150,130,27,34,0.347
113,4200113,5,5,378,146,524,341,191,199,8,4.0201005025125625,3681,4569,888,19.43532501641497,139,157,21,28,0.258
114,4200114,15,8,358,183,541,336,218,211,-7,-3.3175355450236967,2178,2281,103,4.515563349408154,116,97,8,11,0.234
115,4200115,3,15,384,278,662,345,221,208,-13,-6.25,6021,7448,1427,19.159505907626208,180,194,40,53,0.379
116,4200116,4,13,375,78,453,318,165,156,-9,-5.769230769230769,3895,4686,791,16.88006828851899,133,133,24,32,0.251
117,4200117,3,11,361,88,449,341,164,144,-20,-13.88888888888889,4824,5354,530,9.899140829286514,136,131,33,39,0.251
118,4200118,13,14,411,109,520,343,189,187,-2,-1.0695187165775402,1749,2227,478,21.463852716659183,76,84,8,12,0.24
119,4200119,15,10,587,203,790,342,245,286,41,14.335664335664335,2625,3446,821,23.824724318049913,128,156,11,16,0.362
120,4200120,11,13,547,223,770,344,244,224,-20,-8.928571428571429,2984,3534,550,15.5631013016412,144,121,13,21,0.448
121,4200121,4,7,530,127,657,341,224,198,-26,-13.131313131313131,5544,6578,1034,15.719063545150501,212,198,32,44,0.416
122,4200122,13,9,588,204,792,336,256,279,23,8.243727598566307,2826,3359,533,15.867817802917536,127,128,13,18,0.351
123,4200123,8,6,315,218,533,329,194,225,31,13.777777777777779,2914,3305,391,11.830559757942511,132,148,14,16,0.24
124,4200124,8,9,299,183,482,325,182,177,-5,-2.824858757062147,2482,2787,305,10.943667025475422,110,101,12,16,0.245
125,4200125,8,7,385,199,584,339,192,220,28,12.727272727272727,2782,3450,668,19.36231884057971,129,143,13,18,0.239
126,4200126,12,7,466,151,617,333,226,240,14,5.833333333333333,2886,3200,314,9.8125,146,146,12,15,0.263
127,4200127,7,6,457,91,548,336,191,188,-3,-1.5957446808510638,2881,3588,707,19.704570791527313,109,120,16,22,0.246
128,4200128,11,14,536,291,827,345,242,239,-3,-1.2552301255230125,3222,3879,657,16.937354988399072,138,154,16,21,0.373
129,4200129,9,8,537,131,668,343,209,199,-10,-5.025125628140704,3229,3789,560,14.779625230931645,142,139,16,22,0.328
130,4200130,9,11,356,145,501,327,149,147,-2,-1.3605442176870748,2179,2517,338,13.428684942391737,93,87,11,15,0.231
131,4200131,13,12,456,261,717,342,247,225,-22,-9.777777777777779,2627,3015,388,12.868988391376451,138,129,10,15,0.303
132,4200132,5,12,316,101,417,345,176,164,-12,-7.317073170731708,3016,3334,318,9.538092381523695,114,107,17,21,0.206
133,4200133,5,9,490,341,831,326,266,224,-42,-18.75,5586,6304,718,11.389593908629442,232,198,30,41,0.374
134,4200134,15,10,551,167,718,343,203,234,31,13.247863247863247,2183,2724,541,19.86049926578561,98,109,10,14,0.361
135,4200135,4,10,367,75,442,346,139,148,9,6.081081081081081,3629,4198,569,13.554073368270606,99,125,25,28,0.219
136,4200136,12,4,695,185,880,342,303,260,-43,-16.53846153846154,5313,5620,307,5.462633451957295,231,196,27,34,0.441
137,4200137,15,8,547,150,697,345,225,223,-2,-0.8968609865470852,2555,2903,348,11.987599035480537,113,108,12,16,0.322
138,4200138,15,13,542,324,866,337,294,303,9,2.9702970297029703,2894,3533,639,18.086611944523067,150,163,11,16,0.37
139,4200139,15,12,402,293,695,325,205,274,69,25.182481751824817,2135,2884,749,25.97087378640777,103,151,9,11,0.299
140,4200140,9,11,348,136,484,326,161,151,-10,-6.622516556291391,2261,2471,210,8.498583569405099,100,92,11,14,0.228
141,4200141,5,3,473,213,686,341,247,251,4,1.593625498007968,5307,6341,1034,16.30657624980287,206,219,30,39,0.355
142,4200142,11,9,603,161,764,342,251,261,10,3.8314176245210727,3041,3801,760,19.994738226782427,149,164,13,19,0.365
143,4200143,12,9,472,174,646,343,233,200,-33,-16.5,2723,3000,277,9.233333333333333,139,110,11,17,0.312
144,4200144,4,15,482,341,823,335,282,251,-31,-12.350597609561753,6522,7381,859,11.637989432326243,234,203,39,51,0.563
145,4200145,4,12,331,112,443,341,158,161,3,1.8633540372670807,3648,3991,343,8.594337258832374,119,113,23,27,0.228
146,4200146,12,8,647,214,861,341,279,301,22,7.308970099667774,3529,4481,952,21.245257754965408,175,218,15,20,0.385
147,4200147,13,12,465,102,567,330,199,168,-31,-18.452380952380953,2149,2308,159,6.889081455805893,105,74,9,14,0.29
148,4200148,13,12,473,244,717,338,220,238,18,7.563025210084033,2520,3178,658,20.704845814977972,120,134,11,16,0.331
149,4200149,6,9,333,224,557,321,212,155,-57,-36.774193548387096,3812,4085,273,6.682986536107711,170,123,19,27,0.298
150,4200150,15,4,302,141,443,341,163,120,-43,-35.833333333333336,2493,2520,27,1.0714285714285714,83,60,15,18,0.24
151,4200151,15,12,455,137,592,344,206,205,-1,-0.4878048780487805,1946,2355,409,17.367303609341825,94,85,8,13,0.558
152,4200152,5,10,686,189,875,340,297,273,-24,-8.791208791208792,6087,7343,1256,17.104725588996324,239,237,34,47,0.499
153,4200153,15,10,424,216,640,341,203,207,4,1.932367149758454,2093,2597,504,19.40700808625337,99,99,9,14,0.284
154,4200154,11,15,336,66,402,338,132,135,3,2.2222222222222223,1442,1875,433,23.093333333333334,61,64,7,11,0.277
155,4200155,12,8,370,89,459,342,172,177,5,2.824858757062147,1622,2057,435,21.147301895964997,65,78,8,11,0.218
156,4200156,14,11,335,126,461,328,172,150,-22,-14.666666666666666,1472,1730,258,14.913294797687861,70,58,6,10,0.217
157,4200157,4,3,411,332,743,337,250,239,-11,-4.602510460251046,6140,7719,1579,20.456017618862546,229,238,36,51,0.307
158,4200158,4,8,487,275,762,337,267,238,-29,-12.184873949579831,6447,7198,751,10.433453737149208,238,216,38,48,0.359
159,4200159,13,15,429,200,629,330,194,225,31,13.777777777777779,1984,2485,501,20.16096579476861,79,86,10,14,0.267
160,4200160,3,6,516,142,658,342,242,175,-67,-38.285714285714285,7112,8085,973,12.034632034632034,237,201,45,59,0.331
161,4200161,14,10,386,69,455,341,168,158,-10,-6.329113924050633,1598,1898,300,15.806111696522656,73,64,7,11,0.205
162,4200162,3,14,594,148,742,344,266,249,-17,-6.827309236947791,7326,8859,1533,17.304436166610227,226,241,48,62,0.479
163,4200163,6,3,385,68,453,339,175,185,10,5.405405405405405,3205,3715,510,13.728129205921938,133,133,17,22,0.323
164,4200164,3,11,270,198,468,340,198,162,-36,-22.22222222222222,4778,5112,334,6.533646322378717,158,155,30,34,0.233
165,4200165,11,11,474,375,849,342,227,240,13,5.416666666666667,3227,3900,673,17.256410256410255,150,146,15,22,0.427
166,4200166,6,6,491,136,627,343,197,174,-23,-13.218390804597702,3847,4644,797,17.161929371231697,145,137,22,31,0.281
167,4200167,4,13,411,88,499,340,149,146,-3,-2.0547945205479454,4049,5016,967,19.278309409888358,120,127,27,36,0.27
168,4200168,6,11,472,383,855,340,263,267,4,1.4981273408239701,5153,5747,594,10.33582738820254,209,208,28,34,0.4
169,4200169,3,5,311,114,425,327,139,143,4,2.797202797202797,4419,5303,884,16.66980954176881,128,146,30,37,0.217
170,4200170,15,13,710,172,882,340,280,258,-22,-8.527131782945736,2930,3418,488,14.277355178466939,155,136,11,18,0.431
171,4200171,6,6,338,90,428,343,124,113,-11,-9.734513274336283,2454,2923,469,16.04515908313377,83,81,15,20,0.23
172,4200172,15,15,349,111,460,332,154,134,-20,-14.925373134328359,1344,1524,180,11.811023622047244,59,49,6,9,0.205
173,4200173,13,13,460,359,819,338,251,276,25,9.057971014492754,2881,3596,715,19.883203559510566,143,162,12,17,0.363
174,4200174,8,5,320,136,456,325,142,155,13,8.387096774193548,2272,2915,643,22.058319039451113,93,96,12,18,0.216
175,4200175,4,10,571,202,773,339,268,236,-32,-13.559322033898304,6158,7186,1028,14.305594210965767,209,205,38,49,0.388
176,4200176,4,14,481,143,624,343,221,216,-5,-2.314814814814815,5451,6326,875,13.831805248182105,193,181,33,43,0.392
177,4200177,5,3,313,183,496,327,154,161,7,4.3478260869565215,3964,4711,747,15.856506049670983,151,155,23,30,0.286
178,4200178,4,12,485,176,661,338,223,194,-29,-14.948453608247423,5313,6424,1111,17.294520547945204,179,173,33,45,0.467
179,4200179,15,9,314,113,427,339,172,160,-12,-7.5,1272,1620,348,21.48148148148148,50,56,6,9,0.242
180,4200180,3,3,388,121,509,338,155,174,19,10.919540229885058,5525,6574,1049,15.956799513233952,167,190,37,45,0.306
181,4200181,14,8,281,205,486,321,190,186,-4,-2.150537634408602,2000,2066,66,3.1945788964181996,101,88,8,10,0.258
182,4200182,13,5,404,184,588,332,181,163,-18,-11.042944785276074,2901,3013,112,3.7172253567872553,112,95,16,19,0.353
183,4200183,15,10,587,205,792,342,246,264,18,6.818181818181818,2676,3244,568,17.50924784217016,133,138,11,16,0.363
184,4200184,14,10,519,104,623,336,191,183,-8,-4.371584699453552,2201,2663,462,17.34885467517837,111,108,9,14,0.279
185,4200185,4,10,398,152,550,336,187,157,-30,-19.10828025477707,4217,5007,790,15.777910924705413,143,135,26,35,0.255
186,4200186,9,12,440,89,529,336,197,178,-19,-10.674157303370787,2537,3108,571,18.37194337194337,114,103,12,19,0.26
187,4200187,11,5,333,141,474,340,167,159,-8,-5.031446540880503,2247,2599,352,13.54367064255483,98,84,11,16,0.241
188,4200188,11,8,502,355,857,338,250,320,70,21.875,3530,4450,920,20.674157303370787,158,213,17,20,0.373
189,4200189,9,15,296,171,467,336,172,173,1,0.5780346820809249,1922,2343,421,17.968416559965856,75,77,10,14,0.211
190,4200190,4,6,518,189,707,342,222,208,-14,-6.730769230769231,5752,6748,996,14.759928867812686,213,214,34,44,0.316
191,4200191,8,8,483,234,717,338,259,251,-8,-3.187250996015936,3989,4481,492,10.979692033028343,193,183,18,24,0.329
192,4200192,4,8,596,224,820,344,268,238,-30,-12.605042016806722,6618,8138,1520,18.677807815188007,235,240,40,55,0.484
193,4200193,5,10,313,245,558,342,193,165,-28,-16.96969696969697,3703,4215,512,12.147093712930012,141,135,21,27,0.265
194,4200194,6,8,395,244,639,339,233,220,-13,-5.909090909090909,3883,4480,597,13.325892857142858,165,146,20,28,0.283
195,4200195,9,4,494,192,686,339,244,235,-9,-3.8297872340425534,4114,4505,391,8.679245283018869,167,167,22,26,0.309
196,4200196,10,12,503,171,674,344,197,183,-14,-7.6502732240437155,2827,3343,516,15.435237810349985,123,116,14,20,0.298
197,4200197,11,11,439,119,558,339,198,206,8,3.883495145631068,2128,2596,468,18.02773497688752,93,99,10,14,0.29
198,4200198,7,10,367,131,498,334,168,169,1,0.591715976331361,2538,2959,421,14.227779655288948,107,109,13,17,0.218
199,4200199,8,9,408,172,580,346,169,193,24,12.435233160621761,2739,3273,534,16.315307057745187,107,128,15,18,0.262
